{"cameraMode":{"drawMode":0,"name":"Shaded","section":"Shading Mode"},"sceneLighting":false,"audioPlay":false,"sceneViewState":{"showFog":true,"showMaterialUpdate":true,"showSkybox":true,"showFlares":true,"showImageEffects":true,"showParticleSystems":true},"in2DMode":false,"pivot":{"x":72.48057556152344,"y":-15.25925064086914,"z":-52.71409606933594},"rotation":{"x":0.0008869298617355526,"y":0.864749014377594,"z":0.0015469504287466407,"w":-0.5022186040878296},"size":33.554840087890628,"orthographic":false}