{"cameraMode":{"drawMode":0,"name":"Shaded","section":"Shading Mode"},"sceneLighting":false,"audioPlay":false,"sceneViewState":{"showFog":true,"showMaterialUpdate":true,"showSkybox":false,"showFlares":true,"showImageEffects":true,"showParticleSystems":true},"in2DMode":false,"pivot":{"x":213.82310485839845,"y":-1.6505988836288453,"z":69.92167663574219},"rotation":{"x":0.08272147178649903,"y":-0.38196319341659548,"z":-0.03435066342353821,"w":-0.919827938079834},"size":70.10948181152344,"orthographic":false}