{"cameraMode":{"drawMode":0,"name":"Shaded","section":"Shading Mode"},"sceneLighting":false,"audioPlay":false,"sceneViewState":{"showFog":true,"showMaterialUpdate":true,"showSkybox":false,"showFlares":true,"showImageEffects":true,"showParticleSystems":true},"in2DMode":false,"pivot":{"x":20.25263214111328,"y":-92.8514404296875,"z":40.289329528808597},"rotation":{"x":-0.22407487034797669,"y":0.4463062882423401,"z":-0.11648844182491303,"w":-0.8585060834884644},"size":70.10948181152344,"orthographic":false}