{"cameraMode":{"drawMode":0,"name":"Shaded","section":"Shading Mode"},"sceneLighting":false,"audioPlay":false,"sceneViewState":{"showFog":true,"showMaterialUpdate":true,"showSkybox":false,"showFlares":true,"showImageEffects":true,"showParticleSystems":true},"in2DMode":false,"pivot":{"x":59.35159683227539,"y":-16.675199508666993,"z":-30.720149993896486},"rotation":{"x":0.016175635159015657,"y":-0.9555141925811768,"z":0.2896280288696289,"w":0.053365062922239307},"size":70.10948181152344,"orthographic":false}