{"cameraMode":{"drawMode":0,"name":"Shaded","section":"Shading Mode"},"sceneLighting":true,"audioPlay":false,"sceneViewState":{"showFog":true,"showMaterialUpdate":true,"showSkybox":true,"showFlares":true,"showImageEffects":true,"showParticleSystems":true},"in2DMode":false,"pivot":{"x":90.3736572265625,"y":-50.036312103271487,"z":-55.85163116455078},"rotation":{"x":0.1744678020477295,"y":0.7953529953956604,"z":-0.270039439201355,"w":0.5138630270957947},"size":25.745161056518556,"orthographic":false}