{"cameraMode":{"drawMode":0,"name":"Shaded","section":"Shading Mode"},"sceneLighting":true,"audioPlay":false,"sceneViewState":{"showFog":true,"showMaterialUpdate":true,"showSkybox":true,"showFlares":true,"showImageEffects":true,"showParticleSystems":true},"in2DMode":false,"pivot":{"x":103.86990356445313,"y":-20.37525177001953,"z":-61.28581619262695},"rotation":{"x":-0.10305256396532059,"y":0.8763992190361023,"z":-0.2161511778831482,"w":-0.41783303022384646},"size":13.953285217285157,"orthographic":false}